id,request_id,entity_id,Load Number,entity_type,workflow_identifier,workflow_node,action,status,comment,created_at,updated_at
101584,656db2126c52,4303691551,4303691551,Load,ready_to_pickup,update_loads,LOAD_UPDATED,SUCCESS,"Updated comment: Hold over report received. Load 4303691551 is already pickedup, therefore skipped.",2024-10-31 12:07:56,2024-10-31 12:07:56
101586,656db2126c52,4303698126,4303698126,Load,ready_to_pickup,update_loads,LOAD_UPDATED,SUCCESS,"Updated comment: Hold over report received. Load 4303698126 is already pickedup, therefore skipped.",2024-10-31 12:07:57,2024-10-31 12:07:57
101643,17a0bf38b385,4303570699,4303570699,Load,ready_to_pickup,update_loads,LOAD_UPDATED,SUCCESS,"Updated comment: Hold over report received. Load 4303570699 is already pickedup, therefore skipped.",2024-10-31 12:12:03,2024-10-31 12:12:03
101645,17a0bf38b385,4303629210,4303629210,Load,ready_to_pickup,update_loads,LOAD_UPDATED,SUCCESS,"Updated comment: Hold over report received. Load 4303629210 is already delivered, therefore skipped.",2024-10-31 12:12:03,2024-10-31 12:12:03
101647,17a0bf38b385,4303629355,4303629355,Load,ready_to_pickup,update_loads,LOAD_UPDATED,SUCCESS,"Updated comment: Hold over report received. Load 4303629355 is already delivered, therefore skipped.",2024-10-31 12:12:04,2024-10-31 12:12:04
101659,17a0bf38b385,4303691875,4303691875,Load,ready_to_pickup,update_loads,LOAD_UPDATED,SUCCESS,"Updated comment: Hold over report received. Load 4303691875 is at delivery, therefore skipped.",2024-10-31 12:12:06,2024-10-31 12:12:06
101670,17a0bf38b385,4303694524,4303694524,Load,ready_to_pickup,update_loads,LOAD_UPDATED,SUCCESS,"Updated comment: Hold over report received. Load 4303694524 is already pickedup, therefore skipped.",2024-10-31 12:12:08,2024-10-31 12:12:08
101678,17a0bf38b385,4303699893,4303699893,Load,ready_to_pickup,update_loads,LOAD_UPDATED,SUCCESS,"Updated comment: Hold over report received. Load 4303699893 has billed time 00:00, therefore skipped.",2024-10-31 12:12:10,2024-10-31 12:12:10
101697,17a0bf38b385,5000262068,5000262068,Load,ready_to_pickup,update_loads,LOAD_UPDATED,SUCCESS,"Updated comment: Hold over report received. Load 5000262068 is already delivered, therefore skipped.",2024-10-31 12:12:15,2024-10-31 12:12:15
101699,17a0bf38b385,5000262105,5000262105,Load,ready_to_pickup,update_loads,LOAD_UPDATED,SUCCESS,"Updated comment: Hold over report received. Load 5000262105 is already delivered, therefore skipped.",2024-10-31 12:12:16,2024-10-31 12:12:16
101703,17a0bf38b385,5000262144,5000262144,Load,ready_to_pickup,update_loads,LOAD_UPDATED,SUCCESS,"Updated comment: Hold over report received. Load 5000262144 is already pickedup, therefore skipped.",2024-10-31 12:12:17,2024-10-31 12:12:17
101709,17a0bf38b385,4303700837,4303700837,Load,ready_to_pickup,update_loads,LOAD_UPDATED,SUCCESS,"Updated comment: Hold over report received. Load 4303700837 is already pickedup, therefore skipped.",2024-10-31 12:12:18,2024-10-31 12:12:18
101768,b488afa483a2,4303691952,4303691952,Load,ready_to_pickup,update_loads,LOAD_UPDATED,SUCCESS,"Updated comment: Hold over report received. Load 4303691952 is already delivered, therefore skipped.",2024-10-31 12:12:33,2024-10-31 12:12:33
101780,b488afa483a2,5000261997,5000261997,Load,ready_to_pickup,update_loads,LOAD_UPDATED,SUCCESS,"Updated comment: Hold over report received. Load 5000261997 is already delivered, therefore skipped.",2024-10-31 12:12:36,2024-10-31 12:12:36
101784,b488afa483a2,4303697275,4303697275,Load,ready_to_pickup,update_loads,LOAD_UPDATED,SUCCESS,"Updated comment: Hold over report received. Load 4303697275 is already delivered, therefore skipped.",2024-10-31 12:12:37,2024-10-31 12:12:37
101800,b488afa483a2,4303700361,4303700361,Load,ready_to_pickup,update_loads,LOAD_UPDATED,SUCCESS,"Updated comment: Hold over report received. Load 4303700361 is already pickedup, therefore skipped.",2024-10-31 12:12:43,2024-10-31 12:12:43
101810,b488afa483a2,4303692739,4303692739,Load,ready_to_pickup,update_loads,LOAD_UPDATED,SUCCESS,"Updated comment: Hold over report received. Load 4303692739 is already pickedup, therefore skipped.",2024-10-31 12:12:49,2024-10-31 12:12:49
101814,b488afa483a2,4303570881,4303570881,Load,ready_to_pickup,update_loads,LOAD_UPDATED,SUCCESS,"Updated comment: Hold over report received. Load 4303570881 is at pickup, therefore skipped.",2024-10-31 12:12:50,2024-10-31 12:12:50
101857,41b55d5c5351,4303693331,4303693331,Load,ready_to_pickup,update_loads,LOAD_UPDATED,SUCCESS,"Updated comment: Hold over report received. Load 4303693331 is already delivered, therefore skipped.",2024-10-31 12:14:28,2024-10-31 12:14:28
101859,41b55d5c5351,4303693338,4303693338,Load,ready_to_pickup,update_loads,LOAD_UPDATED,SUCCESS,"Updated comment: Hold over report received. Load 4303693338 is already pickedup, therefore skipped.",2024-10-31 12:14:28,2024-10-31 12:14:28
101938,faed3c955311,4303704639,4303704639,Load,ready_to_pickup,update_loads,LOAD_UPDATED,SUCCESS,"Updated comment: Hold over report received. Load 4303704639 is already pickedup, therefore skipped.",2024-10-31 12:33:31,2024-10-31 12:33:31
101940,faed3c955311,4303703577,4303703577,Load,ready_to_pickup,update_loads,LOAD_UPDATED,SUCCESS,"Updated comment: Hold over report received. Load 4303703577 is already pickedup, therefore skipped.",2024-10-31 12:33:31,2024-10-31 12:33:31
101954,faed3c955311,4303705136,4303705136,Load,ready_to_pickup,update_loads,LOAD_UPDATED,SUCCESS,"Updated comment: Hold over report received. Load 4303705136 is already pickedup, therefore skipped.",2024-10-31 12:33:38,2024-10-31 12:33:38
101958,faed3c955311,4303697287,4303697287,Load,ready_to_pickup,update_loads,LOAD_UPDATED,SUCCESS,"Updated comment: Hold over report received. Load 4303697287 has no billed time, therefore skipped.",2024-10-31 12:33:39,2024-10-31 12:33:39
101960,faed3c955311,4303706068,4303706068,Load,ready_to_pickup,update_loads,LOAD_UPDATED,SUCCESS,"Updated comment: Hold over report received. Load 4303706068 has no billed time, therefore skipped.",2024-10-31 12:33:40,2024-10-31 12:33:40
102140,b69f9975cf60,4303651643,4303651643,Load,ready_to_pickup,update_loads,LOAD_UPDATED,SUCCESS,"Updated comment: Hold over report received. Load 4303651643 is already pickedup, therefore skipped.",2024-10-31 12:56:54,2024-10-31 12:56:54
102142,b69f9975cf60,4303705940,4303705940,Load,ready_to_pickup,update_loads,LOAD_UPDATED,SUCCESS,"Updated comment: Hold over report received. Load 4303705940 is already pickedup, therefore skipped.",2024-10-31 12:56:55,2024-10-31 12:56:55
102146,b69f9975cf60,4303680020,4303680020,Load,ready_to_pickup,update_loads,LOAD_UPDATED,SUCCESS,"Updated comment: Hold over report received. Load 4303680020 is at delivery, therefore skipped.",2024-10-31 12:57:00,2024-10-31 12:57:00
102150,b69f9975cf60,4303695938,4303695938,Load,ready_to_pickup,update_loads,LOAD_UPDATED,SUCCESS,"Updated comment: Hold over report received. Load 4303695938 is already pickedup, therefore skipped.",2024-10-31 12:57:01,2024-10-31 12:57:01
102166,b69f9975cf60,4303693090,4303693090,Load,ready_to_pickup,update_loads,LOAD_UPDATED,SUCCESS,"Updated comment: Hold over report received. Load 4303693090 is already pickedup, therefore skipped.",2024-10-31 12:57:07,2024-10-31 12:57:07
102168,b69f9975cf60,4303700083,4303700083,Load,ready_to_pickup,update_loads,LOAD_UPDATED,SUCCESS,"Updated comment: Hold over report received. Load 4303700083 is already pickedup, therefore skipped.",2024-10-31 12:57:07,2024-10-31 12:57:07
102170,b69f9975cf60,4303688116,4303688116,Load,ready_to_pickup,update_loads,LOAD_UPDATED,SUCCESS,"Updated comment: Hold over report received. Load 4303688116 is already pickedup, therefore skipped.",2024-10-31 12:57:08,2024-10-31 12:57:08
102180,b69f9975cf60,4303689558,4303689558,Load,ready_to_pickup,update_loads,LOAD_UPDATED,SUCCESS,"Updated comment: Hold over report received. Load 4303689558 is at pickup, therefore skipped.",2024-10-31 12:57:11,2024-10-31 12:57:11
102184,b69f9975cf60,4303679592,4303679592,Load,ready_to_pickup,update_loads,LOAD_UPDATED,SUCCESS,"Updated comment: Hold over report received. Load 4303679592 is already delivered, therefore skipped.",2024-10-31 12:57:15,2024-10-31 12:57:15
102186,b69f9975cf60,4303693085,4303693085,Load,ready_to_pickup,update_loads,LOAD_UPDATED,SUCCESS,"Updated comment: Hold over report received. Load 4303693085 is already pickedup, therefore skipped.",2024-10-31 12:57:15,2024-10-31 12:57:15
102188,b69f9975cf60,4303693123,4303693123,Load,ready_to_pickup,update_loads,LOAD_UPDATED,SUCCESS,"Updated comment: Hold over report received. Load 4303693123 is already pickedup, therefore skipped.",2024-10-31 12:57:16,2024-10-31 12:57:16
102194,b69f9975cf60,4303588139,4303588139,Load,ready_to_pickup,update_loads,LOAD_UPDATED,SUCCESS,"Updated comment: Hold over report received. Load 4303588139 is already pickedup, therefore skipped.",2024-10-31 12:57:18,2024-10-31 12:57:18
102196,b69f9975cf60,4303654079,4303654079,Load,ready_to_pickup,update_loads,LOAD_UPDATED,SUCCESS,"Updated comment: Hold over report received. Load 4303654079 is already pickedup, therefore skipped.",2024-10-31 12:57:18,2024-10-31 12:57:18
102198,b69f9975cf60,4303654788,4303654788,Load,ready_to_pickup,update_loads,LOAD_UPDATED,SUCCESS,"Updated comment: Hold over report received. Load 4303654788 is at pickup, therefore skipped.",2024-10-31 12:57:19,2024-10-31 12:57:19
102204,b69f9975cf60,4303690713,4303690713,Load,ready_to_pickup,update_loads,LOAD_UPDATED,SUCCESS,"Updated comment: Hold over report received. Load 4303690713 is already pickedup, therefore skipped.",2024-10-31 12:57:22,2024-10-31 12:57:21
102212,b69f9975cf60,4303698202,4303698202,Load,ready_to_pickup,update_loads,LOAD_UPDATED,SUCCESS,"Updated comment: Hold over report received. Load 4303698202 is at pickup, therefore skipped.",2024-10-31 12:57:26,2024-10-31 12:57:26
102214,b69f9975cf60,4303698720,4303698720,Load,ready_to_pickup,update_loads,LOAD_UPDATED,SUCCESS,"Updated comment: Hold over report received. Load 4303698720 is already pickedup, therefore skipped.",2024-10-31 12:57:26,2024-10-31 12:57:26
102216,b69f9975cf60,4303698764,4303698764,Load,ready_to_pickup,update_loads,LOAD_UPDATED,SUCCESS,"Updated comment: Hold over report received. Load 4303698764 is already delivered, therefore skipped.",2024-10-31 12:57:27,2024-10-31 12:57:27
103986,5dda0f7c98e3,4303698126,4303698126,Load,ready_to_pickup,update_loads,LOAD_UPDATED,SUCCESS,"Updated comment: Hold over report received. Load 4303698126 is already pickedup, therefore skipped.",2024-11-01 10:45:23,2024-11-01 10:45:23
103988,5dda0f7c98e3,4303705992,4303705992,Load,ready_to_pickup,update_loads,LOAD_UPDATED,SUCCESS,"Updated comment: Hold over report received. Load 4303705992 is already pickedup, therefore skipped.",2024-11-01 10:45:23,2024-11-01 10:45:23
103990,5dda0f7c98e3,4303707776,4303707776,Load,ready_to_pickup,update_loads,LOAD_UPDATED,SUCCESS,"Updated comment: Hold over report received. Load 4303707776 is already pickedup, therefore skipped.",2024-11-01 10:45:24,2024-11-01 10:45:24
103992,5dda0f7c98e3,4303696109,4303696109,Load,ready_to_pickup,update_loads,LOAD_UPDATED,SUCCESS,"Updated comment: Hold over report received. Load 4303696109 is at delivery, therefore skipped.",2024-11-01 10:45:24,2024-11-01 10:45:24
104086,7024e6ec064b,4303693109,4303693109,Load,ready_to_pickup,update_loads,LOAD_UPDATED,SUCCESS,"Updated comment: Hold over report received. Load 4303693109 is already pickedup, therefore skipped.",2024-11-01 10:47:48,2024-11-01 10:47:48
104098,7024e6ec064b,4303691494,4303691494,Load,ready_to_pickup,update_loads,LOAD_UPDATED,SUCCESS,"Updated comment: Hold over report received. Load 4303691494 is already pickedup, therefore skipped.",2024-11-01 10:47:55,2024-11-01 10:47:55
104192,553eaf81ee7d,4303691291,4303691291,Load,ready_to_pickup,update_loads,LOAD_UPDATED,SUCCESS,"Updated comment: Hold over report received. Load 4303691291 has billed time 00:00, therefore skipped.",2024-11-01 10:53:01,2024-11-01 10:53:01
104194,553eaf81ee7d,4303692154,4303692154,Load,ready_to_pickup,update_loads,LOAD_UPDATED,SUCCESS,"Updated comment: Hold over report received. Load 4303692154 has billed time 00:00, therefore skipped.",2024-11-01 10:53:02,2024-11-01 10:53:02
104196,553eaf81ee7d,4303693393,4303693393,Load,ready_to_pickup,update_loads,LOAD_UPDATED,SUCCESS,"Updated comment: Hold over report received. Load 4303693393 is already pickedup, therefore skipped.",2024-11-01 10:53:02,2024-11-01 10:53:02
104198,553eaf81ee7d,4303694000,4303694000,Load,ready_to_pickup,update_loads,LOAD_UPDATED,SUCCESS,"Updated comment: Hold over report received. Load 4303694000 is at pickup, therefore skipped.",2024-11-01 10:53:03,2024-11-01 10:53:03
104200,553eaf81ee7d,4303698160,4303698160,Load,ready_to_pickup,update_loads,LOAD_UPDATED,SUCCESS,"Updated comment: Hold over report received. Load 4303698160 has billed time 00:00, therefore skipped.",2024-11-01 10:53:04,2024-11-01 10:53:04
104202,553eaf81ee7d,4303698355,4303698355,Load,ready_to_pickup,update_loads,LOAD_UPDATED,SUCCESS,"Updated comment: Hold over report received. Load 4303698355 has billed time 00:00, therefore skipped.",2024-11-01 10:53:04,2024-11-01 10:53:04
104204,553eaf81ee7d,4303699579,4303699579,Load,ready_to_pickup,update_loads,LOAD_UPDATED,SUCCESS,"Updated comment: Hold over report received. Load 4303699579 is already pickedup, therefore skipped.",2024-11-01 10:53:05,2024-11-01 10:53:05
104218,553eaf81ee7d,4303702530,4303702530,Load,ready_to_pickup,update_loads,LOAD_UPDATED,SUCCESS,"Updated comment: Hold over report received. Load 4303702530 has billed time 00:00, therefore skipped.",2024-11-01 10:53:08,2024-11-01 10:53:08
104224,553eaf81ee7d,4303704742,4303704742,Load,ready_to_pickup,update_loads,LOAD_UPDATED,SUCCESS,"Updated comment: Hold over report received. Load 4303704742 has billed time 00:00, therefore skipped.",2024-11-01 10:53:11,2024-11-01 10:53:11
104244,553eaf81ee7d,4303709415,4303709415,Load,ready_to_pickup,update_loads,LOAD_UPDATED,SUCCESS,"Updated comment: Hold over report received. Load 4303709415 has billed time 00:00, therefore skipped.",2024-11-01 10:53:22,2024-11-01 10:53:22
104246,553eaf81ee7d,5000262105,5000262105,Load,ready_to_pickup,update_loads,LOAD_UPDATED,SUCCESS,"Updated comment: Hold over report received. Load 5000262105 is already delivered, therefore skipped.",2024-11-01 10:53:22,2024-11-01 10:53:22
104256,553eaf81ee7d,4303700819,4303700819,Load,ready_to_pickup,update_loads,LOAD_UPDATED,SUCCESS,"Updated comment: Hold over report received. Load 4303700819 is already pickedup, therefore skipped.",2024-11-01 10:53:25,2024-11-01 10:53:25
104258,553eaf81ee7d,4303700817,4303700817,Load,ready_to_pickup,update_loads,LOAD_UPDATED,SUCCESS,"Updated comment: Hold over report received. Load 4303700817 is already pickedup, therefore skipped.",2024-11-01 10:53:25,2024-11-01 10:53:25
104422,e51573477df1,4303670175,4303670175,Load,ready_to_pickup,update_loads,LOAD_UPDATED,SUCCESS,"Updated comment: Hold over report received. Load 4303670175 has no billed time, therefore skipped.",2024-11-01 11:04:54,2024-11-01 11:04:54
104432,e51573477df1,4303650609,4303650609,Load,ready_to_pickup,update_loads,LOAD_UPDATED,SUCCESS,"Updated comment: Hold over report received. Load 4303650609 is already pickedup, therefore skipped.",2024-11-01 11:04:57,2024-11-01 11:04:57
104434,e51573477df1,4303693091,4303693091,Load,ready_to_pickup,update_loads,LOAD_UPDATED,SUCCESS,"Updated comment: Hold over report received. Load 4303693091 is already pickedup, therefore skipped.",2024-11-01 11:04:57,2024-11-01 11:04:57
104436,e51573477df1,4303696055,4303696055,Load,ready_to_pickup,update_loads,LOAD_UPDATED,SUCCESS,"Updated comment: Hold over report received. Load 4303696055 has billed time 00:00, therefore skipped.",2024-11-01 11:04:59,2024-11-01 11:04:59
104438,e51573477df1,4303698279,4303698279,Load,ready_to_pickup,update_loads,LOAD_UPDATED,SUCCESS,"Updated comment: Hold over report received. Load 4303698279 is at pickup, therefore skipped.",2024-11-01 11:05:00,2024-11-01 11:05:00
104442,e51573477df1,4303691791,4303691791,Load,ready_to_pickup,update_loads,LOAD_UPDATED,SUCCESS,"Updated comment: Hold over report received. Load 4303691791 is already pickedup, therefore skipped.",2024-11-01 11:05:02,2024-11-01 11:05:02
104458,e51573477df1,4303705410,4303705410,Load,ready_to_pickup,update_loads,LOAD_UPDATED,SUCCESS,"Updated comment: Hold over report received. Load 4303705410 is already pickedup, therefore skipped.",2024-11-01 11:05:11,2024-11-01 11:05:11
104962,4fdac17dc343,4303698126,4303698126,Load,ready_to_pickup,update_loads,LOAD_UPDATED,SUCCESS,"Updated comment: Hold over report received. Load 4303698126 is already pickedup, therefore skipped.",2024-11-01 12:56:26,2024-11-01 12:56:26
105042,c7cb43be6268,4303691889,4303691889,Load,ready_to_pickup,update_loads,LOAD_UPDATED,SUCCESS,"Updated comment: Hold over report received. Load 4303691889 is at pickup, therefore skipped.",2024-11-01 12:58:19,2024-11-01 12:58:19
105044,c7cb43be6268,4303697457,4303697457,Load,ready_to_pickup,update_loads,LOAD_UPDATED,SUCCESS,"Updated comment: Hold over report received. Load 4303697457 is already pickedup, therefore skipped.",2024-11-01 12:58:20,2024-11-01 12:58:20
105048,c7cb43be6268,4303709938,4303709938,Load,ready_to_pickup,update_loads,LOAD_UPDATED,SUCCESS,"Updated comment: Hold over report received. Load 4303709938 is at pickup, therefore skipped.",2024-11-01 12:58:21,2024-11-01 12:58:21
105050,c7cb43be6268,4303684512,4303684512,Load,ready_to_pickup,update_loads,LOAD_UPDATED,SUCCESS,"Updated comment: Hold over report received. Load 4303684512 is already delivered, therefore skipped.",2024-11-01 12:58:21,2024-11-01 12:58:21
105078,c7cb43be6268,5000262243,5000262243,Load,ready_to_pickup,update_loads,LOAD_UPDATED,SUCCESS,"Updated comment: Hold over report received. Load 5000262243 is at delivery, therefore skipped.",2024-11-01 12:58:30,2024-11-01 12:58:30
105142,4fdac17dc343,4303670175,4303670175,Load,ready_to_pickup,update_loads,LOAD_UPDATED,SUCCESS,"Updated comment: Hold over report received. Load 4303670175 has billed time 00:00, therefore skipped.",2024-11-01 12:58:37,2024-11-01 12:58:37
105152,4fdac17dc343,4303650609,4303650609,Load,ready_to_pickup,update_loads,LOAD_UPDATED,SUCCESS,"Updated comment: Hold over report received. Load 4303650609 is already pickedup, therefore skipped.",2024-11-01 12:58:39,2024-11-01 12:58:39
105154,4fdac17dc343,4303693091,4303693091,Load,ready_to_pickup,update_loads,LOAD_UPDATED,SUCCESS,"Updated comment: Hold over report received. Load 4303693091 is already pickedup, therefore skipped.",2024-11-01 12:58:40,2024-11-01 12:58:40
105156,4fdac17dc343,4303696055,4303696055,Load,ready_to_pickup,update_loads,LOAD_UPDATED,SUCCESS,"Updated comment: Hold over report received. Load 4303696055 is already pickedup, therefore skipped.",2024-11-01 12:58:40,2024-11-01 12:58:40
105158,4fdac17dc343,4303698279,4303698279,Load,ready_to_pickup,update_loads,LOAD_UPDATED,SUCCESS,"Updated comment: Hold over report received. Load 4303698279 is already pickedup, therefore skipped.",2024-11-01 12:58:40,2024-11-01 12:58:40
105160,4fdac17dc343,4303698285,4303698285,Load,ready_to_pickup,update_loads,LOAD_UPDATED,SUCCESS,"Updated comment: Hold over report received. Load 4303698285 is already pickedup, therefore skipped.",2024-11-01 12:58:41,2024-11-01 12:58:41
105162,4fdac17dc343,4303691791,4303691791,Load,ready_to_pickup,update_loads,LOAD_UPDATED,SUCCESS,"Updated comment: Hold over report received. Load 4303691791 is already pickedup, therefore skipped.",2024-11-01 12:58:41,2024-11-01 12:58:41
105164,4fdac17dc343,4303697389,4303697389,Load,ready_to_pickup,update_loads,LOAD_UPDATED,SUCCESS,"Updated comment: Hold over report received. Load 4303697389 is already pickedup, therefore skipped.",2024-11-01 12:58:42,2024-11-01 12:58:42
105168,4fdac17dc343,4303706179,4303706179,Load,ready_to_pickup,update_loads,LOAD_UPDATED,SUCCESS,"Updated comment: Hold over report received. Load 4303706179 is at pickup, therefore skipped.",2024-11-01 12:58:42,2024-11-01 12:58:42
105176,4fdac17dc343,4303705410,4303705410,Load,ready_to_pickup,update_loads,LOAD_UPDATED,SUCCESS,"Updated comment: Hold over report received. Load 4303705410 is already pickedup, therefore skipped.",2024-11-01 12:58:44,2024-11-01 12:58:44
105293,c7cb43be6268,4303693109,4303693109,Load,ready_to_pickup,update_loads,LOAD_UPDATED,SUCCESS,"Updated comment: Hold over report received. Load 4303693109 is at delivery, therefore skipped.",2024-11-01 12:58:57,2024-11-01 12:58:57
105306,c7cb43be6268,5000262149,5000262149,Load,ready_to_pickup,update_loads,LOAD_UPDATED,SUCCESS,"Updated comment: Hold over report received. Load 5000262149 is already pickedup, therefore skipped.",2024-11-01 12:59:02,2024-11-01 12:59:02
105308,c7cb43be6268,5000262154,5000262154,Load,ready_to_pickup,update_loads,LOAD_UPDATED,SUCCESS,"Updated comment: Hold over report received. Load 5000262154 is already pickedup, therefore skipped.",2024-11-01 12:59:03,2024-11-01 12:59:03
105310,c7cb43be6268,4303697475,4303697475,Load,ready_to_pickup,update_loads,LOAD_UPDATED,SUCCESS,"Updated comment: Hold over report received. Load 4303697475 is already delivered, therefore skipped.",2024-11-01 12:59:04,2024-11-01 12:59:04
105312,c7cb43be6268,4303691494,4303691494,Load,ready_to_pickup,update_loads,LOAD_UPDATED,SUCCESS,"Updated comment: Hold over report received. Load 4303691494 is already pickedup, therefore skipped.",2024-11-01 12:59:06,2024-11-01 12:59:06
105314,c7cb43be6268,4303691874,4303691874,Load,ready_to_pickup,update_loads,LOAD_UPDATED,SUCCESS,"Updated comment: Hold over report received. Load 4303691874 is already pickedup, therefore skipped.",2024-11-01 12:59:06,2024-11-01 12:59:06
105316,c7cb43be6268,5000262134,5000262134,Load,ready_to_pickup,update_loads,LOAD_UPDATED,SUCCESS,"Updated comment: Hold over report received. Load 5000262134 is already delivered, therefore skipped.",2024-11-01 12:59:07,2024-11-01 12:59:07
113938,b12fcf9ab6b6,4303684473,4303684473,Load,ready_to_pickup,update_loads,LOAD_UPDATED,SUCCESS,"Updated comment: Hold over report received. Load 4303684473 has billed time 00:00, therefore skipped.",2024-11-02 10:41:48,2024-11-02 10:41:48
113940,b12fcf9ab6b6,4303684514,4303684514,Load,ready_to_pickup,update_loads,LOAD_UPDATED,SUCCESS,"Updated comment: Hold over report received. Load 4303684514 has billed time 00:00, therefore skipped.",2024-11-02 10:41:49,2024-11-02 10:41:49
113942,b12fcf9ab6b6,4303684624,4303684624,Load,ready_to_pickup,update_loads,LOAD_UPDATED,SUCCESS,"Updated comment: Hold over report received. Load 4303684624 has billed time 00:00, therefore skipped.",2024-11-02 10:41:49,2024-11-02 10:41:49
113962,b12fcf9ab6b6,4303702346,4303702346,Load,ready_to_pickup,update_loads,LOAD_UPDATED,SUCCESS,"Updated comment: Hold over report received. Load 4303702346 is already pickedup, therefore skipped.",2024-11-02 10:41:54,2024-11-02 10:41:54
113968,b12fcf9ab6b6,4303702530,4303702530,Load,ready_to_pickup,update_loads,LOAD_UPDATED,SUCCESS,"Updated comment: Hold over report received. Load 4303702530 has billed time 00:00, therefore skipped.",2024-11-02 10:41:55,2024-11-02 10:41:56
113972,b12fcf9ab6b6,4303703590,4303703590,Load,ready_to_pickup,update_loads,LOAD_UPDATED,SUCCESS,"Updated comment: Hold over report received. Load 4303703590 has billed time 00:00, therefore skipped.",2024-11-02 10:41:56,2024-11-02 10:41:56
113980,b12fcf9ab6b6,4303706631,4303706631,Load,ready_to_pickup,update_loads,LOAD_UPDATED,SUCCESS,"Updated comment: Hold over report received. Load 4303706631 has billed time 00:00, therefore skipped.",2024-11-02 10:41:59,2024-11-02 10:41:59
113992,b12fcf9ab6b6,5000262105,5000262105,Load,ready_to_pickup,update_loads,LOAD_UPDATED,SUCCESS,"Updated comment: Hold over report received. Load 5000262105 is already delivered, therefore skipped.",2024-11-02 10:42:02,2024-11-02 10:42:02
114103,0e4de27641a3,4303702558,4303702558,Load,ready_to_pickup,update_loads,LOAD_UPDATED,SUCCESS,"Updated comment: Hold over report received. Load 4303702558 is already pickedup, therefore skipped.",2024-11-02 10:42:25,2024-11-02 10:42:25
114108,0e4de27641a3,5000262155,5000262155,Load,ready_to_pickup,update_loads,LOAD_UPDATED,SUCCESS,"Updated comment: Hold over report received. Load 5000262155 is at pickup, therefore skipped.",2024-11-02 10:42:26,2024-11-02 10:42:26
114115,0e4de27641a3,4303707202,4303707202,Load,ready_to_pickup,update_loads,LOAD_UPDATED,SUCCESS,"Updated comment: Hold over report received. Load 4303707202 is already pickedup, therefore skipped.",2024-11-02 10:42:27,2024-11-02 10:42:27
114269,7a5ba57537e4,4303707393,4303707393,Load,ready_to_pickup,update_loads,LOAD_UPDATED,SUCCESS,"Updated comment: Hold over report received. Load 4303707393 is at pickup, therefore skipped.",2024-11-02 10:48:01,2024-11-02 10:48:01
114271,7a5ba57537e4,4303690892,4303690892,Load,ready_to_pickup,update_loads,LOAD_UPDATED,SUCCESS,"Updated comment: Hold over report received. Load 4303690892 is at pickup, therefore skipped.",2024-11-02 10:48:03,2024-11-02 10:48:03
114287,7a5ba57537e4,4303701827,4303701827,Load,ready_to_pickup,update_loads,LOAD_UPDATED,SUCCESS,"Updated comment: Hold over report received. Load 4303701827 is at pickup, therefore skipped.",2024-11-02 10:48:24,2024-11-02 10:48:24
114388,8d15240b305e,4303705375,4303705375,Load,ready_to_pickup,update_loads,LOAD_UPDATED,SUCCESS,"Updated comment: Hold over report received. Load 4303705375 is at pickup, therefore skipped.",2024-11-02 11:02:47,2024-11-02 11:02:47
114394,8d15240b305e,4303698853,4303698853,Load,ready_to_pickup,update_loads,LOAD_UPDATED,SUCCESS,"Updated comment: Hold over report received. Load 4303698853 is already pickedup, therefore skipped.",2024-11-02 11:02:48,2024-11-02 11:02:48
114412,8d15240b305e,4303701048,4303701048,Load,ready_to_pickup,update_loads,LOAD_UPDATED,SUCCESS,"Updated comment: Hold over report received. Load 4303701048 is already pickedup, therefore skipped.",2024-11-02 11:02:58,2024-11-02 11:02:58
114424,8d15240b305e,4303701045,4303701045,Load,ready_to_pickup,update_loads,LOAD_UPDATED,SUCCESS,"Updated comment: Hold over report received. Load 4303701045 is already pickedup, therefore skipped.",2024-11-02 11:03:05,2024-11-02 11:03:05
114430,8d15240b305e,4303699533,4303699533,Load,ready_to_pickup,update_loads,LOAD_UPDATED,SUCCESS,"Updated comment: Hold over report received. Load 4303699533 is already pickedup, therefore skipped.",2024-11-02 11:03:10,2024-11-02 11:03:10
114440,8d15240b305e,4303597415,4303597415,Load,ready_to_pickup,update_loads,LOAD_UPDATED,SUCCESS,"Updated comment: Hold over report received. Load 4303597415 is at pickup, therefore skipped.",2024-11-02 11:03:13,2024-11-02 11:03:13
114450,8d15240b305e,4303672941,4303672941,Load,ready_to_pickup,update_loads,LOAD_UPDATED,SUCCESS,"Updated comment: Hold over report received. Load 4303672941 is at pickup, therefore skipped.",2024-11-02 11:03:15,2024-11-02 11:03:15
114452,8d15240b305e,4303702460,4303702460,Load,ready_to_pickup,update_loads,LOAD_UPDATED,SUCCESS,"Updated comment: Hold over report received. Load 4303702460 is already pickedup, therefore skipped.",2024-11-02 11:03:15,2024-11-02 11:03:15
114454,8d15240b305e,4303702526,4303702526,Load,ready_to_pickup,update_loads,LOAD_UPDATED,SUCCESS,"Updated comment: Hold over report received. Load 4303702526 is already pickedup, therefore skipped.",2024-11-02 11:03:16,2024-11-02 11:03:16
114456,8d15240b305e,4303702527,4303702527,Load,ready_to_pickup,update_loads,LOAD_UPDATED,SUCCESS,"Updated comment: Hold over report received. Load 4303702527 is at pickup, therefore skipped.",2024-11-02 11:03:16,2024-11-02 11:03:16
114495,8d15240b305e,4303701959,4303701959,Load,ready_to_pickup,update_loads,LOAD_UPDATED,SUCCESS,"Updated comment: Hold over report received. Load 4303701959 is already pickedup, therefore skipped.",2024-11-02 11:03:24,2024-11-02 11:03:24
114505,8d15240b305e,4303701805,4303701805,Load,ready_to_pickup,update_loads,LOAD_UPDATED,SUCCESS,"Updated comment: Hold over report received. Load 4303701805 is at pickup, therefore skipped.",2024-11-02 11:03:26,2024-11-02 11:03:26
114519,8d15240b305e,4303699435,4303699435,Load,ready_to_pickup,update_loads,LOAD_UPDATED,SUCCESS,"Updated comment: Hold over report received. Load 4303699435 is at pickup, therefore skipped.",2024-11-02 11:03:31,2024-11-02 11:03:31
114590,3e14894af1d5,5000262238,5000262238,Load,ready_to_pickup,update_loads,LOAD_UPDATED,SUCCESS,"Updated comment: Hold over report received. Load 5000262238 is already pickedup, therefore skipped.",2024-11-02 11:05:08,2024-11-02 11:05:08
114608,3e14894af1d5,4303704692,4303704692,Load,ready_to_pickup,update_loads,LOAD_UPDATED,SUCCESS,"Updated comment: Hold over report received. Load 4303704692 is at pickup, therefore skipped.",2024-11-02 11:05:13,2024-11-02 11:05:13
114654,3e14894af1d5,4303684585,4303684585,Load,ready_to_pickup,update_loads,LOAD_UPDATED,SUCCESS,"Updated comment: Hold over report received. Load 4303684585 is already pickedup, therefore skipped.",2024-11-02 11:05:25,2024-11-02 11:05:25
116317,b34c2e219658,4303704500,4303704500,Load,ready_to_pickup,update_loads,LOAD_UPDATED,SUCCESS,"Updated comment: Hold over report received. Load 4303704500 is already pickedup, therefore skipped.",2024-11-03 11:59:36,2024-11-03 11:59:36
116323,b34c2e219658,4303696501,4303696501,Load,ready_to_pickup,update_loads,LOAD_UPDATED,SUCCESS,"Updated comment: Hold over report received. Load 4303696501 is at pickup, therefore skipped.",2024-11-03 11:59:37,2024-11-03 11:59:37
116405,e94efbe6c321,4303702558,4303702558,Load,ready_to_pickup,update_loads,LOAD_UPDATED,SUCCESS,"Updated comment: Hold over report received. Load 4303702558 is already pickedup, therefore skipped.",2024-11-03 12:02:02,2024-11-03 12:02:02
116413,e94efbe6c321,5000262069,5000262069,Load,ready_to_pickup,update_loads,LOAD_UPDATED,SUCCESS,"Updated comment: Hold over report received. Load 5000262069 is already pickedup, therefore skipped.",2024-11-03 12:02:06,2024-11-03 12:02:06
116415,e94efbe6c321,5000262351,5000262351,Load,ready_to_pickup,update_loads,LOAD_UPDATED,SUCCESS,"Updated comment: Hold over report received. Load 5000262351 is already pickedup, therefore skipped.",2024-11-03 12:02:07,2024-11-03 12:02:07
116437,e94efbe6c321,5000262262,5000262262,Load,ready_to_pickup,update_loads,LOAD_UPDATED,SUCCESS,"Updated comment: Hold over report received. Load 5000262262 is already pickedup, therefore skipped.",2024-11-03 12:02:18,2024-11-03 12:02:18
116440,e94efbe6c321,4303702141,4303702141,Load,ready_to_pickup,update_loads,LOAD_UPDATED,SUCCESS,"Updated comment: Hold over report received. Load 4303702141 is already pickedup, therefore skipped.",2024-11-03 12:02:19,2024-11-03 12:02:19
116450,e94efbe6c321,4303706546,4303706546,Load,ready_to_pickup,update_loads,LOAD_UPDATED,SUCCESS,"Updated comment: Hold over report received. Load 4303706546 has billed time 00:00, therefore skipped.",2024-11-03 12:02:21,2024-11-03 12:02:21
117619,0071191dc062,4303704773,4303704773,Load,ready_to_pickup,update_loads,LOAD_UPDATED,SUCCESS,"Updated comment: Hold over report received. Load 4303704773 is already pickedup, therefore skipped.",2024-11-04 13:32:23,2024-11-04 13:32:23
117623,0071191dc062,4303697587,4303697587,Load,ready_to_pickup,update_loads,LOAD_UPDATED,SUCCESS,"Updated comment: Hold over report received. Load 4303697587 is already pickedup, therefore skipped.",2024-11-04 13:32:31,2024-11-04 13:32:31
117635,0071191dc062,4303702558,4303702558,Load,ready_to_pickup,update_loads,LOAD_UPDATED,SUCCESS,"Updated comment: Hold over report received. Load 4303702558 is already delivered, therefore skipped.",2024-11-04 13:32:35,2024-11-04 13:32:35
117637,0071191dc062,4303702466,4303702466,Load,ready_to_pickup,update_loads,LOAD_UPDATED,SUCCESS,"Updated comment: Hold over report received. Load 4303702466 is at pickup, therefore skipped.",2024-11-04 13:32:37,2024-11-04 13:32:37
117643,0071191dc062,5000262069,5000262069,Load,ready_to_pickup,update_loads,LOAD_UPDATED,SUCCESS,"Updated comment: Hold over report received. Load 5000262069 is already delivered, therefore skipped.",2024-11-04 13:32:43,2024-11-04 13:32:43
117645,0071191dc062,5000262351,5000262351,Load,ready_to_pickup,update_loads,LOAD_UPDATED,SUCCESS,"Updated comment: Hold over report received. Load 5000262351 is already delivered, therefore skipped.",2024-11-04 13:32:43,2024-11-04 13:32:43
117647,0071191dc062,4303706434,4303706434,Load,ready_to_pickup,update_loads,LOAD_UPDATED,SUCCESS,"Updated comment: Hold over report received. Load 4303706434 is already pickedup, therefore skipped.",2024-11-04 13:32:44,2024-11-04 13:32:44
117649,0071191dc062,4303705889,4303705889,Load,ready_to_pickup,update_loads,LOAD_UPDATED,SUCCESS,"Updated comment: Hold over report received. Load 4303705889 is already pickedup, therefore skipped.",2024-11-04 13:32:47,2024-11-04 13:32:47
117661,0071191dc062,5000262262,5000262262,Load,ready_to_pickup,update_loads,LOAD_UPDATED,SUCCESS,"Updated comment: Hold over report received. Load 5000262262 is already pickedup, therefore skipped.",2024-11-04 13:32:51,2024-11-04 13:32:51
117663,0071191dc062,4303702141,4303702141,Load,ready_to_pickup,update_loads,LOAD_UPDATED,SUCCESS,"Updated comment: Hold over report received. Load 4303702141 is already delivered, therefore skipped.",2024-11-04 13:32:51,2024-11-04 13:32:51
117665,0071191dc062,4303694707,4303694707,Load,ready_to_pickup,update_loads,LOAD_UPDATED,SUCCESS,"Updated comment: Hold over report received. Load 4303694707 is at delivery, therefore skipped.",2024-11-04 13:32:51,2024-11-04 13:32:51
117667,0071191dc062,4303700266,4303700266,Load,ready_to_pickup,update_loads,LOAD_UPDATED,SUCCESS,"Updated comment: Hold over report received. Load 4303700266 is already delivered, therefore skipped.",2024-11-04 13:32:52,2024-11-04 13:32:52
117671,0071191dc062,4303706546,4303706546,Load,ready_to_pickup,update_loads,LOAD_UPDATED,SUCCESS,"Updated comment: Hold over report received. Load 4303706546 has billed time 00:00, therefore skipped.",2024-11-04 13:32:53,2024-11-04 13:32:53
117673,0071191dc062,4303698078,4303698078,Load,ready_to_pickup,update_loads,LOAD_UPDATED,SUCCESS,"Updated comment: Hold over report received. Load 4303698078 is already pickedup, therefore skipped.",2024-11-04 13:32:53,2024-11-04 13:32:53
117716,a11d0629f1dc,4303707393,4303707393,Load,ready_to_pickup,update_loads,LOAD_UPDATED,SUCCESS,"Updated comment: Hold over report received. Load 4303707393 is at pickup, therefore skipped.",2024-11-04 13:34:15,2024-11-04 13:34:15
117718,a11d0629f1dc,4303706708,4303706708,Load,ready_to_pickup,update_loads,LOAD_UPDATED,SUCCESS,"Updated comment: Hold over report received. Load 4303706708 is already pickedup, therefore skipped.",2024-11-04 13:34:16,2024-11-04 13:34:16
117720,a11d0629f1dc,4303706787,4303706787,Load,ready_to_pickup,update_loads,LOAD_UPDATED,SUCCESS,"Updated comment: Hold over report received. Load 4303706787 is at pickup, therefore skipped.",2024-11-04 13:34:17,2024-11-04 13:34:17
117724,a11d0629f1dc,4303702462,4303702462,Load,ready_to_pickup,update_loads,LOAD_UPDATED,SUCCESS,"Updated comment: Hold over report received. Load 4303702462 is already pickedup, therefore skipped.",2024-11-04 13:34:18,2024-11-04 13:34:18
117728,a11d0629f1dc,4303702403,4303702403,Load,ready_to_pickup,update_loads,LOAD_UPDATED,SUCCESS,"Updated comment: Hold over report received. Load 4303702403 is already pickedup, therefore skipped.",2024-11-04 13:34:19,2024-11-04 13:34:19
117732,a11d0629f1dc,4303702505,4303702505,Load,ready_to_pickup,update_loads,LOAD_UPDATED,SUCCESS,"Updated comment: Hold over report received. Load 4303702505 is already pickedup, therefore skipped.",2024-11-04 13:34:20,2024-11-04 13:34:20
117792,52607587340b,5000262238,5000262238,Load,ready_to_pickup,update_loads,LOAD_UPDATED,SUCCESS,"Updated comment: Hold over report received. Load 5000262238 is at delivery, therefore skipped.",2024-11-04 13:39:08,2024-11-04 13:39:08
117794,52607587340b,5000262328,5000262328,Load,ready_to_pickup,update_loads,LOAD_UPDATED,SUCCESS,"Updated comment: Hold over report received. Load 5000262328 is already pickedup, therefore skipped.",2024-11-04 13:39:08,2024-11-04 13:39:08
117797,52607587340b,5000260912,5000260912,Load,ready_to_pickup,update_loads,LOAD_UPDATED,SUCCESS,"Updated comment: Hold over report received. Load 5000260912 is at delivery, therefore skipped.",2024-11-04 13:39:12,2024-11-04 13:39:12
117799,52607587340b,5000262356,5000262356,Load,ready_to_pickup,update_loads,LOAD_UPDATED,SUCCESS,"Updated comment: Hold over report received. Load 5000262356 is at pickup, therefore skipped.",2024-11-04 13:39:12,2024-11-04 13:39:12
117810,52607587340b,4303707715,4303707715,Load,ready_to_pickup,update_loads,LOAD_UPDATED,SUCCESS,"Updated comment: Hold over report received. Load 4303707715 is already pickedup, therefore skipped.",2024-11-04 13:39:20,2024-11-04 13:39:20
117814,52607587340b,4303706546,4303706546,Load,ready_to_pickup,update_loads,LOAD_UPDATED,SUCCESS,"Updated comment: Hold over report received. Load 4303706546 has no billed time, therefore skipped.",2024-11-04 13:39:21,2024-11-04 13:39:21
117877,baab6ce32802,4303710447,4303710447,Load,ready_to_pickup,update_loads,LOAD_UPDATED,SUCCESS,"Updated comment: Hold over report received. Load 4303710447 has no billed time, therefore skipped.",2024-11-04 13:42:42,2024-11-04 13:42:42
117879,baab6ce32802,4303697627,4303697627,Load,ready_to_pickup,update_loads,LOAD_UPDATED,SUCCESS,"Updated comment: Hold over report received. Load 4303697627 is at pickup, therefore skipped.",2024-11-04 13:42:42,2024-11-04 13:42:42
117883,baab6ce32802,4303697525,4303697525,Load,ready_to_pickup,update_loads,LOAD_UPDATED,SUCCESS,"Updated comment: Hold over report received. Load 4303697525 has no billed time, therefore skipped.",2024-11-04 13:42:43,2024-11-04 13:42:43
117895,baab6ce32802,4303703657,4303703657,Load,ready_to_pickup,update_loads,LOAD_UPDATED,SUCCESS,"Updated comment: Hold over report received. Load 4303703657 is at pickup, therefore skipped.",2024-11-04 13:42:46,2024-11-04 13:42:46
117909,baab6ce32802,4303702192,4303702192,Load,ready_to_pickup,update_loads,LOAD_UPDATED,SUCCESS,"Updated comment: Hold over report received. Load 4303702192 is already pickedup, therefore skipped.",2024-11-04 13:42:48,2024-11-04 13:42:48
117923,baab6ce32802,4303707564,4303707564,Load,ready_to_pickup,update_loads,LOAD_UPDATED,SUCCESS,"Updated comment: Hold over report received. Load 4303707564 is already pickedup, therefore skipped.",2024-11-04 13:42:52,2024-11-04 13:42:52
119477,232495b11684,4303697525,4303697525,Load,ready_to_pickup,update_loads,LOAD_UPDATED,SUCCESS,"Updated comment: Hold over report received. Load 4303697525 is already pickedup, therefore skipped.",2024-11-05 14:30:11,2024-11-05 14:30:11
119485,232495b11684,4303707564,4303707564,Load,ready_to_pickup,update_loads,LOAD_UPDATED,SUCCESS,"Updated comment: Hold over report received. Load 4303707564 is already pickedup, therefore skipped.",2024-11-05 14:30:14,2024-11-05 14:30:14
119487,232495b11684,4303699785,4303699785,Load,ready_to_pickup,update_loads,LOAD_UPDATED,SUCCESS,"Updated comment: Hold over report received. Load 4303699785 is already pickedup, therefore skipped.",2024-11-05 14:30:14,2024-11-05 14:30:14
119491,232495b11684,4303703398,4303703398,Load,ready_to_pickup,update_loads,LOAD_UPDATED,SUCCESS,"Updated comment: Hold over report received. Load 4303703398 is already pickedup, therefore skipped.",2024-11-05 14:30:16,2024-11-05 14:30:16
119497,232495b11684,4303703482,4303703482,Load,ready_to_pickup,update_loads,LOAD_UPDATED,SUCCESS,"Updated comment: Hold over report received. Load 4303703482 is already pickedup, therefore skipped.",2024-11-05 14:30:18,2024-11-05 14:30:18
119527,232495b11684,4303703659,4303703659,Load,ready_to_pickup,update_loads,LOAD_UPDATED,SUCCESS,"Updated comment: Hold over report received. Load 4303703659 is already pickedup, therefore skipped.",2024-11-05 14:30:21,2024-11-05 14:30:21
119533,3b3eb208060d,4303629331,4303629331,Load,ready_to_pickup,update_loads,LOAD_UPDATED,SUCCESS,"Updated comment: Hold over report received. Load 4303629331 has billed time 00:00, therefore skipped.",2024-11-05 14:30:23,2024-11-05 14:30:23
119540,3b3eb208060d,4303684476,4303684476,Load,ready_to_pickup,update_loads,LOAD_UPDATED,SUCCESS,"Updated comment: Hold over report received. Load 4303684476 has billed time 00:00, therefore skipped.",2024-11-05 14:30:26,2024-11-05 14:30:26
119543,3b3eb208060d,4303684514,4303684514,Load,ready_to_pickup,update_loads,LOAD_UPDATED,SUCCESS,"Updated comment: Hold over report received. Load 4303684514 has billed time 00:00, therefore skipped.",2024-11-05 14:30:27,2024-11-05 14:30:27
119546,232495b11684,4303698269,4303698269,Load,ready_to_pickup,update_loads,LOAD_UPDATED,SUCCESS,"Updated comment: Hold over report received. Load 4303698269 is already delivered, therefore skipped.",2024-11-05 14:30:27,2024-11-05 14:30:27
119548,232495b11684,4303692155,4303692155,Load,ready_to_pickup,update_loads,LOAD_UPDATED,SUCCESS,"Updated comment: Hold over report received. Load 4303692155 is already delivered, therefore skipped.",2024-11-05 14:30:28,2024-11-05 14:30:28
119549,3b3eb208060d,4303684624,4303684624,Load,ready_to_pickup,update_loads,LOAD_UPDATED,SUCCESS,"Updated comment: Hold over report received. Load 4303684624 has billed time 00:00, therefore skipped.",2024-11-05 14:30:28,2024-11-05 14:30:28
119554,232495b11684,4303708812,4303708812,Load,ready_to_pickup,update_loads,LOAD_UPDATED,SUCCESS,"Updated comment: Hold over report received. Load 4303708812 is already pickedup, therefore skipped.",2024-11-05 14:30:30,2024-11-05 14:30:30
119556,3b3eb208060d,4303692156,4303692156,Load,ready_to_pickup,update_loads,LOAD_UPDATED,SUCCESS,"Updated comment: Hold over report received. Load 4303692156 has billed time 00:00, therefore skipped.",2024-11-05 14:30:30,2024-11-05 14:30:30
119559,232495b11684,4303694461,4303694461,Load,ready_to_pickup,update_loads,LOAD_UPDATED,SUCCESS,"Updated comment: Hold over report received. Load 4303694461 is already pickedup, therefore skipped.",2024-11-05 14:30:31,2024-11-05 14:30:31
119564,232495b11684,4303698003,4303698003,Load,ready_to_pickup,update_loads,LOAD_UPDATED,SUCCESS,"Updated comment: Hold over report received. Load 4303698003 is already delivered, therefore skipped.",2024-11-05 14:30:32,2024-11-05 14:30:32
119568,232495b11684,4303700098,4303700098,Load,ready_to_pickup,update_loads,LOAD_UPDATED,SUCCESS,"Updated comment: Hold over report received. Load 4303700098 is already delivered, therefore skipped.",2024-11-05 14:30:33,2024-11-05 14:30:33
119577,3b3eb208060d,4303702397,4303702397,Load,ready_to_pickup,update_loads,LOAD_UPDATED,SUCCESS,"Updated comment: Hold over report received. Load 4303702397 has billed time 00:00, therefore skipped.",2024-11-05 14:30:34,2024-11-05 14:30:34
119585,232495b11684,4303710679,4303710679,Load,ready_to_pickup,update_loads,LOAD_UPDATED,SUCCESS,"Updated comment: Hold over report received. Load 4303710679 is at pickup, therefore skipped.",2024-11-05 14:30:36,2024-11-05 14:30:36
119588,232495b11684,4303711862,4303711862,Load,ready_to_pickup,update_loads,LOAD_UPDATED,SUCCESS,"Updated comment: Hold over report received. Load 4303711862 is already delivered, therefore skipped.",2024-11-05 14:30:36,2024-11-05 14:30:36
119598,3b3eb208060d,4303703590,4303703590,Load,ready_to_pickup,update_loads,LOAD_UPDATED,SUCCESS,"Updated comment: Hold over report received. Load 4303703590 has billed time 00:00, therefore skipped.",2024-11-05 14:30:39,2024-11-05 14:30:39
119600,3b3eb208060d,4303704289,4303704289,Load,ready_to_pickup,update_loads,LOAD_UPDATED,SUCCESS,"Updated comment: Hold over report received. Load 4303704289 has no billed time, therefore skipped.",2024-11-05 14:30:40,2024-11-05 14:30:40
119602,3b3eb208060d,4303706631,4303706631,Load,ready_to_pickup,update_loads,LOAD_UPDATED,SUCCESS,"Updated comment: Hold over report received. Load 4303706631 has no billed time, therefore skipped.",2024-11-05 14:30:41,2024-11-05 14:30:41
119604,3b3eb208060d,4303706665,4303706665,Load,ready_to_pickup,update_loads,LOAD_UPDATED,SUCCESS,"Updated comment: Hold over report received. Load 4303706665 has no billed time, therefore skipped.",2024-11-05 14:30:41,2024-11-05 14:30:41
119606,3b3eb208060d,4303706671,4303706671,Load,ready_to_pickup,update_loads,LOAD_UPDATED,SUCCESS,"Updated comment: Hold over report received. Load 4303706671 has no billed time, therefore skipped.",2024-11-05 14:30:42,2024-11-05 14:30:42
119613,3b3eb208060d,4303706809,4303706809,Load,ready_to_pickup,update_loads,LOAD_UPDATED,SUCCESS,"Updated comment: Hold over report received. Load 4303706809 is already delivered, therefore skipped.",2024-11-05 14:30:43,2024-11-05 14:30:43
119624,3b3eb208060d,4303709958,4303709958,Load,ready_to_pickup,update_loads,LOAD_UPDATED,SUCCESS,"Updated comment: Hold over report received. Load 4303709958 is at delivery, therefore skipped.",2024-11-05 14:30:45,2024-11-05 14:30:45
119650,3b3eb208060d,5000262294,5000262294,Load,ready_to_pickup,update_loads,LOAD_UPDATED,SUCCESS,"Updated comment: Hold over report received. Load 5000262294 is at delivery, therefore skipped.",2024-11-05 14:30:49,2024-11-05 14:30:49
119663,3b3eb208060d,5000262481,5000262481,Load,ready_to_pickup,update_loads,LOAD_UPDATED,SUCCESS,"Updated comment: Hold over report received. Load 5000262481 is at delivery, therefore skipped.",2024-11-05 14:30:51,2024-11-05 14:30:51
119666,3b3eb208060d,4303705633,4303705633,Load,ready_to_pickup,update_loads,LOAD_UPDATED,SUCCESS,"Updated comment: Hold over report received. Load 4303705633 is already pickedup, therefore skipped.",2024-11-05 14:30:52,2024-11-05 14:30:52
119668,3b3eb208060d,4303705634,4303705634,Load,ready_to_pickup,update_loads,LOAD_UPDATED,SUCCESS,"Updated comment: Hold over report received. Load 4303705634 is already pickedup, therefore skipped.",2024-11-05 14:30:52,2024-11-05 14:30:52
125944,bf994e89cec4,4303704607,4303704607,Load,ready_to_pickup,update_loads,LOAD_UPDATED,SUCCESS,"Updated comment: Hold over report received. Load 4303704607 is already pickedup, therefore skipped.",2024-11-05 19:24:27,2024-11-05 19:24:27
126014,55cfaa74f5ac,4303703931,4303703931,Load,ready_to_pickup,update_loads,LOAD_UPDATED,SUCCESS,"Updated comment: Hold over report received. Load 4303703931 has no billed time, therefore skipped.",2024-11-05 20:01:38,2024-11-05 20:01:38
133083,95a24dcd7bb5,5000262570,5000262570,Load,ready_to_pickup,update_loads,LOAD_UPDATED,SUCCESS,"Updated comment: Hold over report received. Load 5000262570 is at delivery, therefore skipped.",2024-11-06 15:34:15,2024-11-06 15:34:15
133086,95a24dcd7bb5,4303684449,4303684449,Load,ready_to_pickup,update_loads,LOAD_UPDATED,SUCCESS,"Updated comment: Hold over report received. Load 4303684449 is already pickedup, therefore skipped.",2024-11-06 15:34:16,2024-11-06 15:34:16
133089,95a24dcd7bb5,4303707880,4303707880,Load,ready_to_pickup,update_loads,LOAD_UPDATED,SUCCESS,"Updated comment: Hold over report received. Load 4303707880 is already pickedup, therefore skipped.",2024-11-06 15:34:16,2024-11-06 15:34:16
133095,95a24dcd7bb5,4303707655,4303707655,Load,ready_to_pickup,update_loads,LOAD_UPDATED,SUCCESS,"Updated comment: Hold over report received. Load 4303707655 is already pickedup, therefore skipped.",2024-11-06 15:34:18,2024-11-06 15:34:18
133096,95a24dcd7bb5,4303702514,4303702514,Load,ready_to_pickup,update_loads,LOAD_UPDATED,SUCCESS,"Updated comment: Hold over report received. Load 4303702514 is already pickedup, therefore skipped.",2024-11-06 15:34:18,2024-11-06 15:34:18
133106,95a24dcd7bb5,4303684592,4303684592,Load,ready_to_pickup,update_loads,LOAD_UPDATED,SUCCESS,"Updated comment: Hold over report received. Load 4303684592 is already pickedup, therefore skipped.",2024-11-06 15:34:20,2024-11-06 15:34:20
133115,95a24dcd7bb5,4303713173,4303713173,Load,ready_to_pickup,update_loads,LOAD_UPDATED,SUCCESS,"Updated comment: Hold over report received. Load 4303713173 is at pickup, therefore skipped.",2024-11-06 15:34:23,2024-11-06 15:34:23
133141,95a24dcd7bb5,4303697675,4303697675,Load,ready_to_pickup,update_loads,LOAD_UPDATED,SUCCESS,"Updated comment: Hold over report received. Load 4303697675 is at pickup, therefore skipped.",2024-11-06 15:34:33,2024-11-06 15:34:33
133149,95a24dcd7bb5,4303697725,4303697725,Load,ready_to_pickup,update_loads,LOAD_UPDATED,SUCCESS,"Updated comment: Hold over report received. Load 4303697725 is already pickedup, therefore skipped.",2024-11-06 15:34:37,2024-11-06 15:34:37
133219,95a24dcd7bb5,5000262519,5000262519,Load,ready_to_pickup,update_loads,LOAD_UPDATED,SUCCESS,"Updated comment: Hold over report received. Load 5000262519 is at pickup, therefore skipped.",2024-11-06 15:35:38,2024-11-06 15:35:38
133222,95a24dcd7bb5,4303644531,4303644531,Load,ready_to_pickup,update_loads,LOAD_UPDATED,SUCCESS,"Updated comment: Hold over report received. Load 4303644531 is already pickedup, therefore skipped.",2024-11-06 15:35:39,2024-11-06 15:35:39
133226,95a24dcd7bb5,5000262498,5000262498,Load,ready_to_pickup,update_loads,LOAD_UPDATED,SUCCESS,"Updated comment: Hold over report received. Load 5000262498 is already pickedup, therefore skipped.",2024-11-06 15:35:40,2024-11-06 15:35:40
133240,95a24dcd7bb5,4303699989,4303699989,Load,ready_to_pickup,update_loads,LOAD_UPDATED,SUCCESS,"Updated comment: Hold over report received. Load 4303699989 is already pickedup, therefore skipped.",2024-11-06 15:35:47,2024-11-06 15:35:47
133242,95a24dcd7bb5,4303702611,4303702611,Load,ready_to_pickup,update_loads,LOAD_UPDATED,SUCCESS,"Updated comment: Hold over report received. Load 4303702611 is at delivery, therefore skipped.",2024-11-06 15:35:47,2024-11-06 15:35:47
133447,b716001b869b,4303702249,4303702249,Load,ready_to_pickup,update_loads,LOAD_UPDATED,SUCCESS,"Updated comment: Hold over report received. Load 4303702249 is already pickedup, therefore skipped.",2024-11-06 15:45:41,2024-11-06 15:45:41
133461,b716001b869b,4303711771,4303711771,Load,ready_to_pickup,update_loads,LOAD_UPDATED,SUCCESS,"Updated comment: Hold over report received. Load 4303711771 is at pickup, therefore skipped.",2024-11-06 15:45:45,2024-11-06 15:45:45
133463,b716001b869b,4303693457,4303693457,Load,ready_to_pickup,update_loads,LOAD_UPDATED,SUCCESS,"Updated comment: Hold over report received. Load 4303693457 has no billed time, therefore skipped.",2024-11-06 15:45:46,2024-11-06 15:45:46
133465,b716001b869b,4303653866,4303653866,Load,ready_to_pickup,update_loads,LOAD_UPDATED,SUCCESS,"Updated comment: Hold over report received. Load 4303653866 has no billed time, therefore skipped.",2024-11-06 15:45:46,2024-11-06 15:45:46
133467,b716001b869b,4303651578,4303651578,Load,ready_to_pickup,update_loads,LOAD_UPDATED,SUCCESS,"Updated comment: Hold over report received. Load 4303651578 is at pickup, therefore skipped.",2024-11-06 15:45:46,2024-11-06 15:45:46
133469,b716001b869b,4303655023,4303655023,Load,ready_to_pickup,update_loads,LOAD_UPDATED,SUCCESS,"Updated comment: Hold over report received. Load 4303655023 has no billed time, therefore skipped.",2024-11-06 15:45:47,2024-11-06 15:45:47
133492,b716001b869b,4303711864,4303711864,Load,ready_to_pickup,update_loads,LOAD_UPDATED,SUCCESS,"Updated comment: Hold over report received. Load 4303711864 is already pickedup, therefore skipped.",2024-11-06 15:45:48,2024-11-06 15:45:48
133496,b716001b869b,4303714378,4303714378,Load,ready_to_pickup,update_loads,LOAD_UPDATED,SUCCESS,"Updated comment: Hold over report received. Load 4303714378 has no billed time, therefore skipped.",2024-11-06 15:45:48,2024-11-06 15:45:48
133499,b716001b869b,4303701871,4303701871,Load,ready_to_pickup,update_loads,LOAD_UPDATED,SUCCESS,"Updated comment: Hold over report received. Load 4303701871 is already pickedup, therefore skipped.",2024-11-06 15:45:49,2024-11-06 15:45:49
133506,b716001b869b,4303703399,4303703399,Load,ready_to_pickup,update_loads,LOAD_UPDATED,SUCCESS,"Updated comment: Hold over report received. Load 4303703399 is already pickedup, therefore skipped.",2024-11-06 15:45:50,2024-11-06 15:45:50
133509,b716001b869b,4303703660,4303703660,Load,ready_to_pickup,update_loads,LOAD_UPDATED,SUCCESS,"Updated comment: Hold over report received. Load 4303703660 is already pickedup, therefore skipped.",2024-11-06 15:45:50,2024-11-06 15:45:50
133513,b716001b869b,4303703663,4303703663,Load,ready_to_pickup,update_loads,LOAD_UPDATED,SUCCESS,"Updated comment: Hold over report received. Load 4303703663 is already pickedup, therefore skipped.",2024-11-06 15:45:50,2024-11-06 15:45:50
133517,b716001b869b,4303703704,4303703704,Load,ready_to_pickup,update_loads,LOAD_UPDATED,SUCCESS,"Updated comment: Hold over report received. Load 4303703704 is already pickedup, therefore skipped.",2024-11-06 15:45:51,2024-11-06 15:45:51
133518,b716001b869b,4303629331,4303629331,Load,ready_to_pickup,update_loads,LOAD_UPDATED,SUCCESS,"Updated comment: Hold over report received. Load 4303629331 has billed time 00:00, therefore skipped.",2024-11-06 15:45:51,2024-11-06 15:45:51
133524,b716001b869b,4303708593,4303708593,Load,ready_to_pickup,update_loads,LOAD_UPDATED,SUCCESS,"Updated comment: Hold over report received. Load 4303708593 is already pickedup, therefore skipped.",2024-11-06 15:45:52,2024-11-06 15:45:52
133531,b716001b869b,4303684517,4303684517,Load,ready_to_pickup,update_loads,LOAD_UPDATED,SUCCESS,"Updated comment: Hold over report received. Load 4303684517 has billed time 00:00, therefore skipped.",2024-11-06 15:45:53,2024-11-06 15:45:53
133533,b716001b869b,4303707608,4303707608,Load,ready_to_pickup,update_loads,LOAD_UPDATED,SUCCESS,"Updated comment: Hold over report received. Load 4303707608 is already pickedup, therefore skipped.",2024-11-06 15:45:54,2024-11-06 15:45:54
133537,b716001b869b,4303697896,4303697896,Load,ready_to_pickup,update_loads,LOAD_UPDATED,SUCCESS,"Updated comment: Hold over report received. Load 4303697896 is already delivered, therefore skipped.",2024-11-06 15:45:54,2024-11-06 15:45:54
133540,b716001b869b,4303691948,4303691948,Load,ready_to_pickup,update_loads,LOAD_UPDATED,SUCCESS,"Updated comment: Hold over report received. Load 4303691948 is already delivered, therefore skipped.",2024-11-06 15:45:55,2024-11-06 15:45:55
133547,b716001b869b,4303691991,4303691991,Load,ready_to_pickup,update_loads,LOAD_UPDATED,SUCCESS,"Updated comment: Hold over report received. Load 4303691991 has billed time 00:00, therefore skipped.",2024-11-06 15:45:55,2024-11-06 15:45:55
133548,b716001b869b,4303661025,4303661025,Load,ready_to_pickup,update_loads,LOAD_UPDATED,SUCCESS,"Updated comment: Hold over report received. Load 4303661025 is already pickedup, therefore skipped.",2024-11-06 15:45:56,2024-11-06 15:45:56
133550,b716001b869b,4303707162,4303707162,Load,ready_to_pickup,update_loads,LOAD_UPDATED,SUCCESS,"Updated comment: Hold over report received. Load 4303707162 is already pickedup, therefore skipped.",2024-11-06 15:45:56,2024-11-06 15:45:56
133556,b716001b869b,4303673077,4303673077,Load,ready_to_pickup,update_loads,LOAD_UPDATED,SUCCESS,"Updated comment: Hold over report received. Load 4303673077 is already pickedup, therefore skipped.",2024-11-06 15:45:57,2024-11-06 15:45:57
133564,b716001b869b,4303702092,4303702092,Load,ready_to_pickup,update_loads,LOAD_UPDATED,SUCCESS,"Updated comment: Hold over report received. Load 4303702092 is at delivery, therefore skipped.",2024-11-06 15:45:59,2024-11-06 15:45:59
133590,b716001b869b,4303704620,4303704620,Load,ready_to_pickup,update_loads,LOAD_UPDATED,SUCCESS,"Updated comment: Hold over report received. Load 4303704620 has billed time 00:00, therefore skipped.",2024-11-06 15:46:06,2024-11-06 15:46:06
133604,b716001b869b,4303706717,4303706717,Load,ready_to_pickup,update_loads,LOAD_UPDATED,SUCCESS,"Updated comment: Hold over report received. Load 4303706717 is already delivered, therefore skipped.",2024-11-06 15:46:11,2024-11-06 15:46:11
133613,b716001b869b,4303707959,4303707959,Load,ready_to_pickup,update_loads,LOAD_UPDATED,SUCCESS,"Updated comment: Hold over report received. Load 4303707959 has billed time 00:00, therefore skipped.",2024-11-06 15:46:13,2024-11-06 15:46:13
133617,b716001b869b,4303711028,4303711028,Load,ready_to_pickup,update_loads,LOAD_UPDATED,SUCCESS,"Updated comment: Hold over report received. Load 4303711028 is already pickedup, therefore skipped.",2024-11-06 15:46:13,2024-11-06 15:46:13
133620,b716001b869b,4303711701,4303711701,Load,ready_to_pickup,update_loads,LOAD_UPDATED,SUCCESS,"Updated comment: Hold over report received. Load 4303711701 is already pickedup, therefore skipped.",2024-11-06 15:46:14,2024-11-06 15:46:14
133628,b716001b869b,4303712170,4303712170,Load,ready_to_pickup,update_loads,LOAD_UPDATED,SUCCESS,"Updated comment: Hold over report received. Load 4303712170 has billed time 00:00, therefore skipped.",2024-11-06 15:46:18,2024-11-06 15:46:18
133630,b716001b869b,5000262533,5000262533,Load,ready_to_pickup,update_loads,LOAD_UPDATED,SUCCESS,"Updated comment: Hold over report received. Load 5000262533 is already delivered, therefore skipped.",2024-11-06 15:46:19,2024-11-06 15:46:19
133632,b716001b869b,5000262535,5000262535,Load,ready_to_pickup,update_loads,LOAD_UPDATED,SUCCESS,"Updated comment: Hold over report received. Load 5000262535 is already delivered, therefore skipped.",2024-11-06 15:46:20,2024-11-06 15:46:20
133634,b716001b869b,5000262538,5000262538,Load,ready_to_pickup,update_loads,LOAD_UPDATED,SUCCESS,"Updated comment: Hold over report received. Load 5000262538 is at delivery, therefore skipped.",2024-11-06 15:46:21,2024-11-06 15:46:21
133638,b716001b869b,5000262592,5000262592,Load,ready_to_pickup,update_loads,LOAD_UPDATED,SUCCESS,"Updated comment: Hold over report received. Load 5000262592 is already delivered, therefore skipped.",2024-11-06 15:46:23,2024-11-06 15:46:23
133640,b716001b869b,4303709138,4303709138,Load,ready_to_pickup,update_loads,LOAD_UPDATED,SUCCESS,"Updated comment: Hold over report received. Load 4303709138 is already pickedup, therefore skipped.",2024-11-06 15:46:23,2024-11-06 15:46:23
133642,b716001b869b,4303707402,4303707402,Load,ready_to_pickup,update_loads,LOAD_UPDATED,SUCCESS,"Updated comment: Hold over report received. Load 4303707402 is already pickedup, therefore skipped.",2024-11-06 15:46:24,2024-11-06 15:46:24
133704,3d126070ff78,4303706708,4303706708,Load,ready_to_pickup,update_loads,LOAD_UPDATED,SUCCESS,"Updated comment: Hold over report received. Load 4303706708 is already pickedup, therefore skipped.",2024-11-06 15:51:09,2024-11-06 15:51:09
133706,3d126070ff78,4303701837,4303701837,Load,ready_to_pickup,update_loads,LOAD_UPDATED,SUCCESS,"Updated comment: Hold over report received. Load 4303701837 is already delivered, therefore skipped.",2024-11-06 15:51:09,2024-11-06 15:51:09
133708,3d126070ff78,4303707655,4303707655,Load,ready_to_pickup,update_loads,LOAD_UPDATED,SUCCESS,"Updated comment: Hold over report received. Load 4303707655 is already pickedup, therefore skipped.",2024-11-06 15:51:10,2024-11-06 15:51:10
133713,3d126070ff78,4303702007,4303702007,Load,ready_to_pickup,update_loads,LOAD_UPDATED,SUCCESS,"Updated comment: Hold over report received. Load 4303702007 is already pickedup, therefore skipped.",2024-11-06 15:51:11,2024-11-06 15:51:11
133715,3d126070ff78,4303646278,4303646278,Load,ready_to_pickup,update_loads,LOAD_UPDATED,SUCCESS,"Updated comment: Hold over report received. Load 4303646278 is already pickedup, therefore skipped.",2024-11-06 15:51:11,2024-11-06 15:51:11
133717,3d126070ff78,4303701596,4303701596,Load,ready_to_pickup,update_loads,LOAD_UPDATED,SUCCESS,"Updated comment: Hold over report received. Load 4303701596 is already pickedup, therefore skipped.",2024-11-06 15:51:12,2024-11-06 15:51:12
133720,3d126070ff78,4303710885,4303710885,Load,ready_to_pickup,update_loads,LOAD_UPDATED,SUCCESS,"Updated comment: Hold over report received. Load 4303710885 is already pickedup, therefore skipped.",2024-11-06 15:51:13,2024-11-06 15:51:13
133724,3d126070ff78,4303713173,4303713173,Load,ready_to_pickup,update_loads,LOAD_UPDATED,SUCCESS,"Updated comment: Hold over report received. Load 4303713173 is at pickup, therefore skipped.",2024-11-06 15:51:14,2024-11-06 15:51:14
133726,3d126070ff78,4303710940,4303710940,Load,ready_to_pickup,update_loads,LOAD_UPDATED,SUCCESS,"Updated comment: Hold over report received. Load 4303710940 is already pickedup, therefore skipped.",2024-11-06 15:51:14,2024-11-06 15:51:14
133730,3d126070ff78,4303697675,4303697675,Load,ready_to_pickup,update_loads,LOAD_UPDATED,SUCCESS,"Updated comment: Hold over report received. Load 4303697675 is at pickup, therefore skipped.",2024-11-06 15:51:15,2024-11-06 15:51:15
133732,3d126070ff78,4303709695,4303709695,Load,ready_to_pickup,update_loads,LOAD_UPDATED,SUCCESS,"Updated comment: Hold over report received. Load 4303709695 is already pickedup, therefore skipped.",2024-11-06 15:51:16,2024-11-06 15:51:16
133768,6b3ca4a621b0,4303707715,4303707715,Load,ready_to_pickup,update_loads,LOAD_UPDATED,SUCCESS,"Updated comment: Hold over report received. Load 4303707715 is at delivery, therefore skipped.",2024-11-06 15:54:10,2024-11-06 15:54:10
133770,6b3ca4a621b0,4303706039,4303706039,Load,ready_to_pickup,update_loads,LOAD_UPDATED,SUCCESS,"Updated comment: Hold over report received. Load 4303706039 is already pickedup, therefore skipped.",2024-11-06 15:54:13,2024-11-06 15:54:13
133772,6b3ca4a621b0,4303707563,4303707563,Load,ready_to_pickup,update_loads,LOAD_UPDATED,SUCCESS,"Updated comment: Hold over report received. Load 4303707563 is already pickedup, therefore skipped.",2024-11-06 15:54:14,2024-11-06 15:54:14
133774,6b3ca4a621b0,5000262464,5000262464,Load,ready_to_pickup,update_loads,LOAD_UPDATED,SUCCESS,"Updated comment: Hold over report received. Load 5000262464 is at delivery, therefore skipped.",2024-11-06 15:54:15,2024-11-06 15:54:15
133776,6b3ca4a621b0,4303709613,4303709613,Load,ready_to_pickup,update_loads,LOAD_UPDATED,SUCCESS,"Updated comment: Hold over report received. Load 4303709613 is already pickedup, therefore skipped.",2024-11-06 15:54:18,2024-11-06 15:54:18
133778,6b3ca4a621b0,4303702620,4303702620,Load,ready_to_pickup,update_loads,LOAD_UPDATED,SUCCESS,"Updated comment: Hold over report received. Load 4303702620 is already delivered, therefore skipped.",2024-11-06 15:54:21,2024-11-06 15:54:21
133780,6b3ca4a621b0,4303707777,4303707777,Load,ready_to_pickup,update_loads,LOAD_UPDATED,SUCCESS,"Updated comment: Hold over report received. Load 4303707777 is at delivery, therefore skipped.",2024-11-06 15:54:22,2024-11-06 15:54:22
133782,6b3ca4a621b0,4303709583,4303709583,Load,ready_to_pickup,update_loads,LOAD_UPDATED,SUCCESS,"Updated comment: Hold over report received. Load 4303709583 is already pickedup, therefore skipped.",2024-11-06 15:54:24,2024-11-06 15:54:24
133784,6b3ca4a621b0,4303709611,4303709611,Load,ready_to_pickup,update_loads,LOAD_UPDATED,SUCCESS,"Updated comment: Hold over report received. Load 4303709611 is already pickedup, therefore skipped.",2024-11-06 15:54:26,2024-11-06 15:54:26
133786,6b3ca4a621b0,4303684443,4303684443,Load,ready_to_pickup,update_loads,LOAD_UPDATED,SUCCESS,"Updated comment: Hold over report received. Load 4303684443 is already delivered, therefore skipped.",2024-11-06 15:54:26,2024-11-06 15:54:26
133788,6b3ca4a621b0,4303704329,4303704329,Load,ready_to_pickup,update_loads,LOAD_UPDATED,SUCCESS,"Updated comment: Hold over report received. Load 4303704329 is already delivered, therefore skipped.",2024-11-06 15:54:27,2024-11-06 15:54:27
133790,6b3ca4a621b0,4303696673,4303696673,Load,ready_to_pickup,update_loads,LOAD_UPDATED,SUCCESS,"Updated comment: Hold over report received. Load 4303696673 is already pickedup, therefore skipped.",2024-11-06 15:54:27,2024-11-06 15:54:27
133792,6b3ca4a621b0,4303684345,4303684345,Load,ready_to_pickup,update_loads,LOAD_UPDATED,SUCCESS,"Updated comment: Hold over report received. Load 4303684345 is already delivered, therefore skipped.",2024-11-06 15:54:28,2024-11-06 15:54:28
133794,6b3ca4a621b0,4303684614,4303684614,Load,ready_to_pickup,update_loads,LOAD_UPDATED,SUCCESS,"Updated comment: Hold over report received. Load 4303684614 is already delivered, therefore skipped.",2024-11-06 15:54:29,2024-11-06 15:54:29
133796,6b3ca4a621b0,4303705521,4303705521,Load,ready_to_pickup,update_loads,LOAD_UPDATED,SUCCESS,"Updated comment: Hold over report received. Load 4303705521 is already pickedup, therefore skipped.",2024-11-06 15:54:29,2024-11-06 15:54:29
133798,6b3ca4a621b0,4303709800,4303709800,Load,ready_to_pickup,update_loads,LOAD_UPDATED,SUCCESS,"Updated comment: Hold over report received. Load 4303709800 is already pickedup, therefore skipped.",2024-11-06 15:54:29,2024-11-06 15:54:29
133800,6b3ca4a621b0,4303702618,4303702618,Load,ready_to_pickup,update_loads,LOAD_UPDATED,SUCCESS,"Updated comment: Hold over report received. Load 4303702618 is already pickedup, therefore skipped.",2024-11-06 15:54:30,2024-11-06 15:54:30
133804,6b3ca4a621b0,4303706770,4303706770,Load,ready_to_pickup,update_loads,LOAD_UPDATED,SUCCESS,"Updated comment: Hold over report received. Load 4303706770 is already delivered, therefore skipped.",2024-11-06 15:54:32,2024-11-06 15:54:32
133808,6b3ca4a621b0,4303702514,4303702514,Load,ready_to_pickup,update_loads,LOAD_UPDATED,SUCCESS,"Updated comment: Hold over report received. Load 4303702514 is already pickedup, therefore skipped.",2024-11-06 15:54:33,2024-11-06 15:54:33
133812,6b3ca4a621b0,4303705734,4303705734,Load,ready_to_pickup,update_loads,LOAD_UPDATED,SUCCESS,"Updated comment: Hold over report received. Load 4303705734 is already delivered, therefore skipped.",2024-11-06 15:54:34,2024-11-06 15:54:34
133814,6b3ca4a621b0,4303714221,4303714221,Load,ready_to_pickup,update_loads,LOAD_UPDATED,SUCCESS,"Updated comment: Hold over report received. Load 4303714221 has billed time 00:00, therefore skipped.",2024-11-06 15:54:35,2024-11-06 15:54:35
133816,6b3ca4a621b0,4303694285,4303694285,Load,ready_to_pickup,update_loads,LOAD_UPDATED,SUCCESS,"Updated comment: Hold over report received. Load 4303694285 has no billed time, therefore skipped.",2024-11-06 15:54:35,2024-11-06 15:54:35
133818,6b3ca4a621b0,4303708624,4303708624,Load,ready_to_pickup,update_loads,LOAD_UPDATED,SUCCESS,"Updated comment: Hold over report received. Load 4303708624 has no billed time, therefore skipped.",2024-11-06 15:54:36,2024-11-06 15:54:36
133820,6b3ca4a621b0,4303705018,4303705018,Load,ready_to_pickup,update_loads,LOAD_UPDATED,SUCCESS,"Updated comment: Hold over report received. Load 4303705018 has no billed time, therefore skipped.",2024-11-06 15:54:36,2024-11-06 15:54:36
133876,f17855bdd482,5000262349,5000262349,Load,ready_to_pickup,update_loads,LOAD_UPDATED,SUCCESS,"Updated comment: Hold over report received. Load 5000262349 is already pickedup, therefore skipped.",2024-11-06 15:58:19,2024-11-06 15:58:19
133878,f17855bdd482,4303702306,4303702306,Load,ready_to_pickup,update_loads,LOAD_UPDATED,SUCCESS,"Updated comment: Hold over report received. Load 4303702306 is already delivered, therefore skipped.",2024-11-06 15:58:19,2024-11-06 15:58:19
133880,f17855bdd482,4303705698,4303705698,Load,ready_to_pickup,update_loads,LOAD_UPDATED,SUCCESS,"Updated comment: Hold over report received. Load 4303705698 is already pickedup, therefore skipped.",2024-11-06 15:58:20,2024-11-06 15:58:20
133882,f17855bdd482,4303705444,4303705444,Load,ready_to_pickup,update_loads,LOAD_UPDATED,SUCCESS,"Updated comment: Hold over report received. Load 4303705444 is already pickedup, therefore skipped.",2024-11-06 15:58:20,2024-11-06 15:58:20
133889,f17855bdd482,4303707237,4303707237,Load,ready_to_pickup,update_loads,LOAD_UPDATED,SUCCESS,"Updated comment: Hold over report received. Load 4303707237 is at delivery, therefore skipped.",2024-11-06 15:58:21,2024-11-06 15:58:21
133893,f17855bdd482,5000262415,5000262415,Load,ready_to_pickup,update_loads,LOAD_UPDATED,SUCCESS,"Updated comment: Hold over report received. Load 5000262415 is already delivered, therefore skipped.",2024-11-06 15:58:22,2024-11-06 15:58:22
133895,f17855bdd482,4303706593,4303706593,Load,ready_to_pickup,update_loads,LOAD_UPDATED,SUCCESS,"Updated comment: Hold over report received. Load 4303706593 is already delivered, therefore skipped.",2024-11-06 15:58:23,2024-11-06 15:58:23
133899,f17855bdd482,5000262498,5000262498,Load,ready_to_pickup,update_loads,LOAD_UPDATED,SUCCESS,"Updated comment: Hold over report received. Load 5000262498 is already pickedup, therefore skipped.",2024-11-06 15:58:24,2024-11-06 15:58:24
133901,f17855bdd482,4303705713,4303705713,Load,ready_to_pickup,update_loads,LOAD_UPDATED,SUCCESS,"Updated comment: Hold over report received. Load 4303705713 is already pickedup, therefore skipped.",2024-11-06 15:58:24,2024-11-06 15:58:24
133908,f17855bdd482,5000262440,5000262440,Load,ready_to_pickup,update_loads,LOAD_UPDATED,SUCCESS,"Updated comment: Hold over report received. Load 5000262440 is at delivery, therefore skipped.",2024-11-06 15:58:26,2024-11-06 15:58:26
133911,f17855bdd482,5000262483,5000262483,Load,ready_to_pickup,update_loads,LOAD_UPDATED,SUCCESS,"Updated comment: Hold over report received. Load 5000262483 is already pickedup, therefore skipped.",2024-11-06 15:58:26,2024-11-06 15:58:26
133917,f17855bdd482,4303709044,4303709044,Load,ready_to_pickup,update_loads,LOAD_UPDATED,SUCCESS,"Updated comment: Hold over report received. Load 4303709044 is already pickedup, therefore skipped.",2024-11-06 15:58:27,2024-11-06 15:58:27
133923,f17855bdd482,4303701830,4303701830,Load,ready_to_pickup,update_loads,LOAD_UPDATED,SUCCESS,"Updated comment: Hold over report received. Load 4303701830 is already delivered, therefore skipped.",2024-11-06 15:58:28,2024-11-06 15:58:28
133925,f17855bdd482,4303707444,4303707444,Load,ready_to_pickup,update_loads,LOAD_UPDATED,SUCCESS,"Updated comment: Hold over report received. Load 4303707444 is at delivery, therefore skipped.",2024-11-06 15:58:29,2024-11-06 15:58:29
134023,d5855a058a30,4303703935,4303703935,Load,ready_to_pickup,update_loads,LOAD_UPDATED,SUCCESS,"Updated comment: Hold over report received. Load 4303703935 has no billed time, therefore skipped.",2024-11-06 16:15:46,2024-11-06 16:15:46
134026,d5855a058a30,4303703928,4303703928,Load,ready_to_pickup,update_loads,LOAD_UPDATED,SUCCESS,"Updated comment: Hold over report received. Load 4303703928 has no billed time, therefore skipped.",2024-11-06 16:15:46,2024-11-06 16:15:46
136157,76103607690f,5000262634,5000262634,Load,ready_to_pickup,update_loads,LOAD_UPDATED,SUCCESS,"Updated comment: Hold over report received. Load 5000262634 is at pickup, therefore skipped.",2024-11-07 13:43:07,2024-11-07 13:43:07
136175,76103607690f,4303715931,4303715931,Load,ready_to_pickup,update_loads,LOAD_UPDATED,SUCCESS,"Updated comment: Hold over report received. Load 4303715931 has no billed time, therefore skipped.",2024-11-07 13:43:13,2024-11-07 13:43:13
136181,76103607690f,4303706826,4303706826,Load,ready_to_pickup,update_loads,LOAD_UPDATED,SUCCESS,"Updated comment: Hold over report received. Load 4303706826 is already pickedup, therefore skipped.",2024-11-07 13:43:16,2024-11-07 13:43:16
136187,76103607690f,4303709940,4303709940,Load,ready_to_pickup,update_loads,LOAD_UPDATED,SUCCESS,"Updated comment: Hold over report received. Load 4303709940 has no billed time, therefore skipped.",2024-11-07 13:43:21,2024-11-07 13:43:21
136224,4ef098339dbf,4303713340,4303713340,Load,ready_to_pickup,update_loads,LOAD_UPDATED,SUCCESS,"Updated comment: Hold over report received. Load 4303713340 is at pickup, therefore skipped.",2024-11-07 13:43:55,2024-11-07 13:43:55
136228,4ef098339dbf,4303715493,4303715493,Load,ready_to_pickup,update_loads,LOAD_UPDATED,SUCCESS,"Updated comment: Hold over report received. Load 4303715493 is already pickedup, therefore skipped.",2024-11-07 13:43:56,2024-11-07 13:43:56
136230,4ef098339dbf,4303714107,4303714107,Load,ready_to_pickup,update_loads,LOAD_UPDATED,SUCCESS,"Updated comment: Hold over report received. Load 4303714107 has no billed time, therefore skipped.",2024-11-07 13:43:56,2024-11-07 13:43:56
136311,4ef098339dbf,4303682369,4303682369,Load,ready_to_pickup,update_loads,LOAD_UPDATED,SUCCESS,"Updated comment: Hold over report received. Load 4303682369 is already pickedup, therefore skipped.",2024-11-07 13:44:54,2024-11-07 13:44:54
136321,4ef098339dbf,4303708912,4303708912,Load,ready_to_pickup,update_loads,LOAD_UPDATED,SUCCESS,"Updated comment: Hold over report received. Load 4303708912 is at pickup, therefore skipped.",2024-11-07 13:44:56,2024-11-07 13:44:56
136325,4ef098339dbf,4303691949,4303691949,Load,ready_to_pickup,update_loads,LOAD_UPDATED,SUCCESS,"Updated comment: Hold over report received. Load 4303691949 is already pickedup, therefore skipped.",2024-11-07 13:44:57,2024-11-07 13:44:57
136327,4ef098339dbf,4303702479,4303702479,Load,ready_to_pickup,update_loads,LOAD_UPDATED,SUCCESS,"Updated comment: Hold over report received. Load 4303702479 is already pickedup, therefore skipped.",2024-11-07 13:44:58,2024-11-07 13:44:58
136341,4ef098339dbf,4303700593,4303700593,Load,ready_to_pickup,update_loads,LOAD_UPDATED,SUCCESS,"Updated comment: Hold over report received. Load 4303700593 is already pickedup, therefore skipped.",2024-11-07 13:45:00,2024-11-07 13:45:01
136367,4ef098339dbf,4303706640,4303706640,Load,ready_to_pickup,update_loads,LOAD_UPDATED,SUCCESS,"Updated comment: Hold over report received. Load 4303706640 is already pickedup, therefore skipped.",2024-11-07 13:45:02,2024-11-07 13:45:02
136380,4ef098339dbf,4303702398,4303702398,Load,ready_to_pickup,update_loads,LOAD_UPDATED,SUCCESS,"Updated comment: Hold over report received. Load 4303702398 is already pickedup, therefore skipped.",2024-11-07 13:45:05,2024-11-07 13:45:05
136389,4ef098339dbf,5000262621,5000262621,Load,ready_to_pickup,update_loads,LOAD_UPDATED,SUCCESS,"Updated comment: Hold over report received. Load 5000262621 is already delivered, therefore skipped.",2024-11-07 13:45:07,2024-11-07 13:45:07
136474,4ef098339dbf,5000262648,5000262648,Load,ready_to_pickup,update_loads,LOAD_UPDATED,SUCCESS,"Updated comment: Hold over report received. Load 5000262648 is already pickedup, therefore skipped.",2024-11-07 13:45:24,2024-11-07 13:45:24
136481,4ef098339dbf,4303668512,4303668512,Load,ready_to_pickup,update_loads,LOAD_UPDATED,SUCCESS,"Updated comment: Hold over report received. Load 4303668512 is already delivered, therefore skipped.",2024-11-07 13:45:26,2024-11-07 13:45:26
136482,4ef098339dbf,4303706398,4303706398,Load,ready_to_pickup,update_loads,LOAD_UPDATED,SUCCESS,"Updated comment: Hold over report received. Load 4303706398 is at delivery, therefore skipped.",2024-11-07 13:45:26,2024-11-07 13:45:26
136485,4ef098339dbf,4303705955,4303705955,Load,ready_to_pickup,update_loads,LOAD_UPDATED,SUCCESS,"Updated comment: Hold over report received. Load 4303705955 is already pickedup, therefore skipped.",2024-11-07 13:45:26,2024-11-07 13:45:26
136486,4ef098339dbf,4303680891,4303680891,Load,ready_to_pickup,update_loads,LOAD_UPDATED,SUCCESS,"Updated comment: Hold over report received. Load 4303680891 is already pickedup, therefore skipped.",2024-11-07 13:45:26,2024-11-07 13:45:26
136497,4ef098339dbf,4303701799,4303701799,Load,ready_to_pickup,update_loads,LOAD_UPDATED,SUCCESS,"Updated comment: Hold over report received. Load 4303701799 is already delivered, therefore skipped.",2024-11-07 13:45:28,2024-11-07 13:45:28
136508,4ef098339dbf,4303570885,4303570885,Load,ready_to_pickup,update_loads,LOAD_UPDATED,SUCCESS,"Updated comment: Hold over report received. Load 4303570885 is already pickedup, therefore skipped.",2024-11-07 13:45:31,2024-11-07 13:45:31
136512,4ef098339dbf,4303673363,4303673363,Load,ready_to_pickup,update_loads,LOAD_UPDATED,SUCCESS,"Updated comment: Hold over report received. Load 4303673363 is at pickup, therefore skipped.",2024-11-07 13:45:32,2024-11-07 13:45:32
136516,4ef098339dbf,4303705330,4303705330,Load,ready_to_pickup,update_loads,LOAD_UPDATED,SUCCESS,"Updated comment: Hold over report received. Load 4303705330 is at pickup, therefore skipped.",2024-11-07 13:45:33,2024-11-07 13:45:33
136526,4ef098339dbf,4303690895,4303690895,Load,ready_to_pickup,update_loads,LOAD_UPDATED,SUCCESS,"Updated comment: Hold over report received. Load 4303690895 has billed time 00:00, therefore skipped.",2024-11-07 13:45:36,2024-11-07 13:45:36
136534,4ef098339dbf,4303700302,4303700302,Load,ready_to_pickup,update_loads,LOAD_UPDATED,SUCCESS,"Updated comment: Hold over report received. Load 4303700302 has billed time 00:00, therefore skipped.",2024-11-07 13:45:38,2024-11-07 13:45:38
136537,4ef098339dbf,4303702083,4303702083,Load,ready_to_pickup,update_loads,LOAD_UPDATED,SUCCESS,"Updated comment: Hold over report received. Load 4303702083 has billed time 00:00, therefore skipped.",2024-11-07 13:45:38,2024-11-07 13:45:38
136540,4ef098339dbf,4303702420,4303702420,Load,ready_to_pickup,update_loads,LOAD_UPDATED,SUCCESS,"Updated comment: Hold over report received. Load 4303702420 is already delivered, therefore skipped.",2024-11-07 13:45:39,2024-11-07 13:45:39
136548,4ef098339dbf,4303702549,4303702549,Load,ready_to_pickup,update_loads,LOAD_UPDATED,SUCCESS,"Updated comment: Hold over report received. Load 4303702549 is already pickedup, therefore skipped.",2024-11-07 13:45:41,2024-11-07 13:45:41
136550,4ef098339dbf,4303704620,4303704620,Load,ready_to_pickup,update_loads,LOAD_UPDATED,SUCCESS,"Updated comment: Hold over report received. Load 4303704620 is at pickup, therefore skipped.",2024-11-07 13:45:41,2024-11-07 13:45:41
136554,4ef098339dbf,4303706488,4303706488,Load,ready_to_pickup,update_loads,LOAD_UPDATED,SUCCESS,"Updated comment: Hold over report received. Load 4303706488 is already pickedup, therefore skipped.",2024-11-07 13:45:42,2024-11-07 13:45:42
136556,4ef098339dbf,4303706709,4303706709,Load,ready_to_pickup,update_loads,LOAD_UPDATED,SUCCESS,"Updated comment: Hold over report received. Load 4303706709 has billed time 00:00, therefore skipped.",2024-11-07 13:45:43,2024-11-07 13:45:43
136558,4ef098339dbf,4303707679,4303707679,Load,ready_to_pickup,update_loads,LOAD_UPDATED,SUCCESS,"Updated comment: Hold over report received. Load 4303707679 has billed time 00:00, therefore skipped.",2024-11-07 13:45:43,2024-11-07 13:45:43
136566,4ef098339dbf,4303711657,4303711657,Load,ready_to_pickup,update_loads,LOAD_UPDATED,SUCCESS,"Updated comment: Hold over report received. Load 4303711657 has no billed time, therefore skipped.",2024-11-07 13:45:47,2024-11-07 13:45:47
136570,4ef098339dbf,4303711701,4303711701,Load,ready_to_pickup,update_loads,LOAD_UPDATED,SUCCESS,"Updated comment: Hold over report received. Load 4303711701 has no billed time, therefore skipped.",2024-11-07 13:45:48,2024-11-07 13:45:48
136572,4ef098339dbf,4303712169,4303712169,Load,ready_to_pickup,update_loads,LOAD_UPDATED,SUCCESS,"Updated comment: Hold over report received. Load 4303712169 has no billed time, therefore skipped.",2024-11-07 13:45:49,2024-11-07 13:45:49
136574,4ef098339dbf,4303712170,4303712170,Load,ready_to_pickup,update_loads,LOAD_UPDATED,SUCCESS,"Updated comment: Hold over report received. Load 4303712170 has no billed time, therefore skipped.",2024-11-07 13:45:49,2024-11-07 13:45:49
136576,4ef098339dbf,5000262566,5000262566,Load,ready_to_pickup,update_loads,LOAD_UPDATED,SUCCESS,"Updated comment: Hold over report received. Load 5000262566 is already delivered, therefore skipped.",2024-11-07 13:45:51,2024-11-07 13:45:51
136578,4ef098339dbf,5000262568,5000262568,Load,ready_to_pickup,update_loads,LOAD_UPDATED,SUCCESS,"Updated comment: Hold over report received. Load 5000262568 is already pickedup, therefore skipped.",2024-11-07 13:45:51,2024-11-07 13:45:51
136581,4ef098339dbf,5000262663,5000262663,Load,ready_to_pickup,update_loads,LOAD_UPDATED,SUCCESS,"Updated comment: Hold over report received. Load 5000262663 is already pickedup, therefore skipped.",2024-11-07 13:45:52,2024-11-07 13:45:52